ts,date,usdt_buy_median,usdt_sell_median
2026-03-31T16:59:50-04:00,2026-03-31,659.0,657.5025
2026-03-31T17:41:56-04:00,2026-03-31,659.994,657.75
2026-03-31T18:19:35-04:00,2026-03-31,659.0,656.53
2026-03-31T18:54:03-04:00,2026-03-31,658.825,656.115
2026-03-31T19:21:37-04:00,2026-03-31,657.99,656.0
2026-03-31T19:52:48-04:00,2026-03-31,657.9,656.0
2026-03-31T21:11:18-04:00,2026-03-31,657.7,655.175
2026-04-01T00:20:07-04:00,2026-04-01,658.145,651.0
2026-04-01T02:06:26-04:00,2026-04-01,659.495,649.6
2026-04-01T03:50:16-04:00,2026-04-01,659.999,647.0
2026-04-01T04:49:31-04:00,2026-04-01,659.999,647.1
2026-04-01T05:53:39-04:00,2026-04-01,659.3995,649.915
2026-04-01T06:43:05-04:00,2026-04-01,658.225,650.52
2026-04-01T07:36:51-04:00,2026-04-01,657.4970000000001,653.48
2026-04-01T08:38:51-04:00,2026-04-01,653.999,651.31
2026-04-01T10:14:10-04:00,2026-04-01,652.0005,648.725
2026-04-01T11:40:04-04:00,2026-04-01,650.0,647.5
2026-04-01T12:35:56-04:00,2026-04-01,649.195,646.1055
2026-04-01T13:31:54-04:00,2026-04-01,648.945,647.9
2026-04-01T14:11:11-04:00,2026-04-01,650.05,649.1500000000001
2026-04-01T15:20:24-04:00,2026-04-01,653.7745,650.155
2026-04-01T16:04:40-04:00,2026-04-01,653.425,652.5205
2026-04-01T16:57:29-04:00,2026-04-01,655.0,653.925
2026-04-01T17:38:00-04:00,2026-04-01,657.0,654.0
2026-04-01T18:07:35-04:00,2026-04-01,656.1865,653.5
2026-04-01T18:54:53-04:00,2026-04-01,655.1995,652.805
2026-04-01T19:27:06-04:00,2026-04-01,655.0,653.653
2026-04-01T19:55:44-04:00,2026-04-01,655.5,653.0055
2026-04-01T21:22:39-04:00,2026-04-01,655.8,653.306
2026-04-02T00:02:08-04:00,2026-04-02,656.295,650.0
2026-04-02T01:45:57-04:00,2026-04-02,657.5,649.3499999999999
2026-04-02T02:54:51-04:00,2026-04-02,658.0,648.55
2026-04-02T03:57:51-04:00,2026-04-02,658.0,647.1500000000001
2026-04-02T04:53:29-04:00,2026-04-02,658.4445000000001,646.485
2026-04-02T05:47:23-04:00,2026-04-02,657.5205000000001,647.05
2026-04-02T06:37:50-04:00,2026-04-02,656.8499999999999,648.9255
2026-04-02T07:28:47-04:00,2026-04-02,655.8945,650.0
2026-04-02T08:06:33-04:00,2026-04-02,655.845,651.2
2026-04-02T09:51:49-04:00,2026-04-02,654.0,651.8040000000001
2026-04-02T10:44:28-04:00,2026-04-02,653.47,651.25
2026-04-02T11:42:34-04:00,2026-04-02,652.6500000000001,651.2
2026-04-02T12:36:47-04:00,2026-04-02,652.9975,651.775
2026-04-02T13:29:08-04:00,2026-04-02,653.0,651.0
2026-04-02T14:08:15-04:00,2026-04-02,653.0,652.0
2026-04-02T15:12:47-04:00,2026-04-02,653.9945,652.25
2026-04-02T15:56:30-04:00,2026-04-02,654.145,652.3009999999999
2026-04-02T16:28:42-04:00,2026-04-02,654.899,652.2505
2026-04-02T17:01:52-04:00,2026-04-02,654.0,651.944
2026-04-02T17:48:18-04:00,2026-04-02,653.7985,652.2
2026-04-02T18:18:46-04:00,2026-04-02,653.4995,651.3125
2026-04-02T18:53:21-04:00,2026-04-02,653.4995,650.9155
2026-04-02T19:21:09-04:00,2026-04-02,653.4775,650.031
2026-04-02T19:52:24-04:00,2026-04-02,652.894,649.5565
2026-04-02T21:04:20-04:00,2026-04-02,651.999,648.325
2026-04-02T23:50:21-04:00,2026-04-02,652.4870000000001,646.3
2026-04-03T01:26:22-04:00,2026-04-03,653.0,644.5
2026-04-03T02:43:21-04:00,2026-04-03,653.6,643.1500000000001
2026-04-03T03:47:21-04:00,2026-04-03,653.6,642.2629999999999
2026-04-03T04:34:45-04:00,2026-04-03,653.55,641.85
2026-04-03T05:32:18-04:00,2026-04-03,653.1700000000001,642.775
2026-04-03T06:09:50-04:00,2026-04-03,653.0,643.7005
2026-04-03T07:01:30-04:00,2026-04-03,652.875,646.205
2026-04-03T07:42:40-04:00,2026-04-03,652.0,647.5025
2026-04-03T08:05:26-04:00,2026-04-03,651.9985,647.0699999999999
2026-04-03T09:25:12-04:00,2026-04-03,646.0,642.0
2026-04-03T10:10:08-04:00,2026-04-03,644.9995,642.01
2026-04-03T10:59:50-04:00,2026-04-03,648.125,645.331
2026-04-03T11:40:24-04:00,2026-04-03,650.0,647.66
2026-04-03T12:06:41-04:00,2026-04-03,650.0,647.0
2026-04-03T12:55:28-04:00,2026-04-03,647.0,644.1005
2026-04-03T13:26:20-04:00,2026-04-03,647.0,644.255
2026-04-03T13:58:21-04:00,2026-04-03,646.9935,643.4725000000001
2026-04-03T14:43:54-04:00,2026-04-03,647.0,644.3
2026-04-03T15:27:17-04:00,2026-04-03,646.99,644.0
2026-04-03T15:58:01-04:00,2026-04-03,646.5,643.797
2026-04-03T16:33:32-04:00,2026-04-03,645.8985,643.5
2026-04-03T17:04:04-04:00,2026-04-03,645.6,642.6015
2026-04-03T17:45:47-04:00,2026-04-03,644.9939999999999,642.245
2026-04-03T18:04:10-04:00,2026-04-03,644.5174999999999,641.5175
2026-04-03T18:47:17-04:00,2026-04-03,643.2745,640.3475000000001
2026-04-03T19:19:16-04:00,2026-04-03,642.6975,638.0025
2026-04-03T19:51:46-04:00,2026-04-03,641.0,637.0
2026-04-03T20:58:20-04:00,2026-04-03,640.0,636.419
2026-04-03T23:32:04-04:00,2026-04-03,643.085,636.55
2026-04-04T01:10:24-04:00,2026-04-04,643.6735,635.355
2026-04-04T02:10:55-04:00,2026-04-04,644.0,634.0
2026-04-04T03:15:59-04:00,2026-04-04,644.5,631.9005
2026-04-04T03:56:34-04:00,2026-04-04,644.435,630.517
2026-04-04T04:33:56-04:00,2026-04-04,644.485,630.0
2026-04-04T05:09:11-04:00,2026-04-04,644.0,630.0
2026-04-04T05:52:51-04:00,2026-04-04,643.75,632.55
2026-04-04T06:20:20-04:00,2026-04-04,643.5450000000001,634.1995
2026-04-04T06:55:05-04:00,2026-04-04,643.4,635.0
2026-04-04T07:20:35-04:00,2026-04-04,642.5,635.8155
2026-04-04T07:47:22-04:00,2026-04-04,642.225,636.075
2026-04-04T08:02:00-04:00,2026-04-04,641.9975,636.1310000000001
2026-04-04T09:15:06-04:00,2026-04-04,634.1495,629.6875
2026-04-04T09:59:24-04:00,2026-04-04,637.45,632.6505
2026-04-04T10:34:56-04:00,2026-04-04,635.5,632.7
2026-04-04T11:02:40-04:00,2026-04-04,634.685,631.9745
2026-04-04T11:40:39-04:00,2026-04-04,634.5,632.0165
2026-04-04T12:00:06-04:00,2026-04-04,634.85,632.005
2026-04-04T12:39:37-04:00,2026-04-04,634.4,632.5
2026-04-04T13:05:13-04:00,2026-04-04,634.39,632.2
2026-04-04T13:42:48-04:00,2026-04-04,634.99,633.8305
2026-04-04T14:01:25-04:00,2026-04-04,635.0,634.35
2026-04-04T14:53:33-04:00,2026-04-04,636.144,633.45
2026-04-04T15:21:51-04:00,2026-04-04,636.9,633.2655
2026-04-04T15:48:57-04:00,2026-04-04,636.925,633.5005
2026-04-04T16:01:54-04:00,2026-04-04,636.7874999999999,633.5374999999999
2026-04-04T16:42:01-04:00,2026-04-04,636.0,632.3499999999999
2026-04-04T17:03:33-04:00,2026-04-04,635.4,632.0
2026-04-04T17:40:56-04:00,2026-04-04,634.2545,631.0
2026-04-04T17:59:07-04:00,2026-04-04,633.8725,630.7525
2026-04-04T18:30:14-04:00,2026-04-04,633.5545,630.5055
2026-04-04T18:58:10-04:00,2026-04-04,633.185,630.0
2026-04-04T19:29:19-04:00,2026-04-04,632.495,629.505
2026-04-04T19:55:37-04:00,2026-04-04,632.0,629.0
2026-04-04T21:28:01-04:00,2026-04-04,631.9985,626.8
2026-04-05T00:17:35-04:00,2026-04-05,632.5,626.0
2026-04-05T01:54:47-04:00,2026-04-05,633.5,624.3499999999999
2026-04-05T02:53:23-04:00,2026-04-05,633.9935,623.4545
2026-04-05T03:45:11-04:00,2026-04-05,633.999,622.125
2026-04-05T04:24:39-04:00,2026-04-05,634.0,621.5
2026-04-05T05:04:05-04:00,2026-04-05,633.895,622.0
2026-04-05T05:51:31-04:00,2026-04-05,633.6,622.115
2026-04-05T06:19:05-04:00,2026-04-05,633.4,623.0
2026-04-05T06:56:42-04:00,2026-04-05,633.0,623.207
2026-04-05T07:24:21-04:00,2026-04-05,631.999,623.528
2026-04-05T07:49:59-04:00,2026-04-05,630.6500000000001,624.1
2026-04-05T08:24:34-04:00,2026-04-05,627.925,620.5754999999999
2026-04-05T09:32:31-04:00,2026-04-05,631.6500000000001,626.805
2026-04-05T10:07:20-04:00,2026-04-05,632.14,627.056
2026-04-05T10:50:19-04:00,2026-04-05,628.6134999999999,624.516
2026-04-05T11:18:40-04:00,2026-04-05,628.0450000000001,624.71
2026-04-05T11:49:56-04:00,2026-04-05,627.4995,625.1
2026-04-05T12:19:16-04:00,2026-04-05,627.473,626.135
2026-04-05T12:55:59-04:00,2026-04-05,628.845,627.203
2026-04-05T13:23:02-04:00,2026-04-05,629.8995,627.4105
2026-04-05T13:53:51-04:00,2026-04-05,630.1745,627.1545
2026-04-05T14:23:23-04:00,2026-04-05,630.0,627.0005
2026-04-05T15:07:43-04:00,2026-04-05,630.0,627.0
2026-04-05T15:46:10-04:00,2026-04-05,630.0,628.1
2026-04-05T16:01:52-04:00,2026-04-05,630.0,628.508
2026-04-05T16:43:38-04:00,2026-04-05,632.0,628.8755
2026-04-05T17:04:31-04:00,2026-04-05,632.999,628.827
2026-04-05T17:42:34-04:00,2026-04-05,633.0,628.805
2026-04-05T18:00:38-04:00,2026-04-05,633.0,629.0105
2026-04-05T18:36:51-04:00,2026-04-05,632.7919999999999,628.88
2026-04-05T19:02:46-04:00,2026-04-05,632.1575,629.0
2026-04-05T19:44:28-04:00,2026-04-05,631.0,627.5550000000001
2026-04-05T20:03:36-04:00,2026-04-05,631.0,627.0
2026-04-05T23:34:34-04:00,2026-04-05,632.9200000000001,626.5074999999999
2026-04-06T01:39:23-04:00,2026-04-06,634.9449999999999,625.0
2026-04-06T03:11:17-04:00,2026-04-06,635.0,624.0070000000001
2026-04-06T04:45:11-04:00,2026-04-06,635.0,623.0
2026-04-06T05:52:49-04:00,2026-04-06,634.495,624.4165
2026-04-06T06:44:53-04:00,2026-04-06,631.9995,625.0
2026-04-06T07:35:37-04:00,2026-04-06,630.465,625.05
2026-04-06T08:08:56-04:00,2026-04-06,628.7,624.71
2026-04-06T09:43:52-04:00,2026-04-06,626.415,623.785
2026-04-06T10:34:54-04:00,2026-04-06,627.999,625.8005
2026-04-06T11:27:09-04:00,2026-04-06,638.7584999999999,639.7315
2026-04-06T12:07:24-04:00,2026-04-06,639.0,636.5
2026-04-06T13:02:38-04:00,2026-04-06,637.0,636.3265
2026-04-06T13:54:27-04:00,2026-04-06,637.0,633.4
2026-04-06T14:39:31-04:00,2026-04-06,635.0,633.2555
2026-04-06T15:39:55-04:00,2026-04-06,636.0,637.0
2026-04-06T16:21:48-04:00,2026-04-06,636.9855,635.5425
2026-04-06T16:58:46-04:00,2026-04-06,637.0,635.0005
2026-04-06T17:37:26-04:00,2026-04-06,637.495,637.805
2026-04-06T18:02:49-04:00,2026-04-06,638.5,638.6105
2026-04-06T18:49:07-04:00,2026-04-06,639.998,637.6
2026-04-06T19:22:18-04:00,2026-04-06,639.825,637.5
2026-04-06T19:54:25-04:00,2026-04-06,639.845,636.595
2026-04-06T21:10:20-04:00,2026-04-06,635.99,632.2325000000001
2026-04-07T00:05:30-04:00,2026-04-07,637.0,631.14
2026-04-07T01:52:45-04:00,2026-04-07,638.635,629.001
2026-04-07T03:00:28-04:00,2026-04-07,639.05,628.0
2026-04-07T04:15:28-04:00,2026-04-07,639.5,627.075
2026-04-07T05:35:05-04:00,2026-04-07,638.2425000000001,627.9100000000001
2026-04-07T06:36:10-04:00,2026-04-07,637.0,631.006
2026-04-07T07:32:59-04:00,2026-04-07,635.9,631.53
2026-04-07T08:09:55-04:00,2026-04-07,633.9,629.21
2026-04-07T09:58:48-04:00,2026-04-07,631.0,629.7355
2026-04-07T11:07:50-04:00,2026-04-07,630.0,628.9024999999999
2026-04-07T12:16:42-04:00,2026-04-07,630.0,628.8
2026-04-07T13:17:15-04:00,2026-04-07,632.075,630.2
2026-04-07T14:11:05-04:00,2026-04-07,631.4,629.6775
2026-04-07T15:15:02-04:00,2026-04-07,636.4995,635.7505
2026-04-07T15:21:26-04:00,2026-04-07,637.0,635.55
2026-04-07T16:03:43-04:00,2026-04-07,637.995,635.178
2026-04-07T16:58:57-04:00,2026-04-07,637.499,637.0005
2026-04-07T17:44:58-04:00,2026-04-07,637.7,638.4100000000001
2026-04-07T18:23:06-04:00,2026-04-07,637.9,638.575
2026-04-07T19:02:28-04:00,2026-04-07,638.499,640.0505
2026-04-07T19:49:09-04:00,2026-04-07,640.0,637.9005
2026-04-07T21:05:26-04:00,2026-04-07,639.0,638.5
2026-04-08T00:04:50-04:00,2026-04-08,641.8499999999999,635.865
2026-04-08T01:53:21-04:00,2026-04-08,642.5,634.205
2026-04-08T03:02:18-04:00,2026-04-08,642.8499999999999,632.7560000000001
2026-04-08T04:16:17-04:00,2026-04-08,642.6,631.9005
2026-04-08T05:35:06-04:00,2026-04-08,642.0,632.944
2026-04-08T06:38:55-04:00,2026-04-08,641.0,636.7195
2026-04-08T07:35:55-04:00,2026-04-08,641.0,639.73
2026-04-08T08:38:10-04:00,2026-04-08,642.0,640.175
2026-04-08T10:12:12-04:00,2026-04-08,646.9965,642.61
2026-04-08T11:43:22-04:00,2026-04-08,634.0,630.3
2026-04-08T12:44:58-04:00,2026-04-08,633.0,631.03
2026-04-08T13:47:08-04:00,2026-04-08,632.75,634.8385000000001
2026-04-08T14:53:41-04:00,2026-04-08,635.9995,634.4
2026-04-08T15:51:54-04:00,2026-04-08,636.0,634.71
2026-04-08T16:28:21-04:00,2026-04-08,635.999,637.1575
2026-04-08T17:09:53-04:00,2026-04-08,638.5,636.5
2026-04-08T17:57:43-04:00,2026-04-08,638.8,636.29
2026-04-08T18:35:50-04:00,2026-04-08,639.0,637.2325000000001
2026-04-08T19:21:41-04:00,2026-04-08,637.499,635.2005
2026-04-08T19:55:09-04:00,2026-04-08,636.5745,634.45
2026-04-08T21:10:12-04:00,2026-04-08,636.9,632.995
2026-04-09T00:03:32-04:00,2026-04-09,636.6,630.0
2026-04-09T01:54:11-04:00,2026-04-09,637.99,628.0550000000001
2026-04-09T03:06:24-04:00,2026-04-09,638.0,625.1065
2026-04-09T04:25:02-04:00,2026-04-09,637.9985,625.2005
2026-04-09T05:44:59-04:00,2026-04-09,637.0,625.9
2026-04-09T06:46:42-04:00,2026-04-09,635.2495,628.5
2026-04-09T07:39:11-04:00,2026-04-09,633.6485,629.2025000000001
2026-04-09T08:44:24-04:00,2026-04-09,628.2,626.3140000000001
2026-04-09T10:26:57-04:00,2026-04-09,632.5,631.1065
2026-04-09T12:00:06-04:00,2026-04-09,629.499,628.0105
2026-04-09T13:11:53-04:00,2026-04-09,630.0,628.325
2026-04-09T14:10:31-04:00,2026-04-09,630.8,629.59
2026-04-09T15:35:26-04:00,2026-04-09,635.0450000000001,635.525
2026-04-09T16:27:50-04:00,2026-04-09,638.0,637.12
2026-04-09T17:07:45-04:00,2026-04-09,638.0,637.095
2026-04-09T17:55:26-04:00,2026-04-09,638.4495,636.605
2026-04-09T18:31:38-04:00,2026-04-09,636.0,635.25
2026-04-09T19:11:36-04:00,2026-04-09,636.8,635.905
2026-04-09T19:37:07-04:00,2026-04-09,636.944,636.0799999999999
2026-04-09T19:52:31-04:00,2026-04-09,637.0,636.0
2026-04-09T21:06:14-04:00,2026-04-09,637.8895,635.205
2026-04-10T00:14:01-04:00,2026-04-10,637.0,631.5005
2026-04-10T02:08:24-04:00,2026-04-10,638.0,629.0005
2026-04-10T03:56:58-04:00,2026-04-10,638.0,627.3
2026-04-10T05:02:42-04:00,2026-04-10,638.0,628.05
2026-04-10T06:14:46-04:00,2026-04-10,637.5,630.325
2026-04-10T07:12:48-04:00,2026-04-10,636.6500000000001,632.967
2026-04-10T07:58:56-04:00,2026-04-10,635.0,632.108
2026-04-10T09:10:49-04:00,2026-04-10,633.0,632.0374999999999
2026-04-10T10:20:35-04:00,2026-04-10,637.0,635.435
2026-04-10T11:10:10-04:00,2026-04-10,636.55,636.4105
2026-04-10T12:05:40-04:00,2026-04-10,637.5,636.9
2026-04-10T13:02:37-04:00,2026-04-10,637.0,637.9805
2026-04-10T13:54:08-04:00,2026-04-10,637.149,638.605
2026-04-10T14:35:58-04:00,2026-04-10,638.0,639.0274999999999
2026-04-10T15:29:11-04:00,2026-04-10,639.5,638.25
2026-04-10T16:01:57-04:00,2026-04-10,638.525,639.075
2026-04-10T16:50:33-04:00,2026-04-10,639.5,639.2
2026-04-10T17:23:36-04:00,2026-04-10,639.0,638.5155
2026-04-10T17:58:18-04:00,2026-04-10,639.5,638.555
2026-04-10T18:35:40-04:00,2026-04-10,639.095,638.3045
2026-04-10T19:06:57-04:00,2026-04-10,639.0,637.0509999999999
2026-04-10T19:49:32-04:00,2026-04-10,638.0,637.0
2026-04-10T21:01:46-04:00,2026-04-10,638.1695,637.475
2026-04-10T23:40:52-04:00,2026-04-10,639.1,634.7005
2026-04-11T01:14:55-04:00,2026-04-11,639.94,632.505
2026-04-11T02:14:12-04:00,2026-04-11,640.0,630.1595
2026-04-11T03:17:17-04:00,2026-04-11,640.0,629.8005
2026-04-11T03:58:29-04:00,2026-04-11,640.0,628.975
2026-04-11T04:41:25-04:00,2026-04-11,640.0,629.0
2026-04-11T05:24:48-04:00,2026-04-11,640.0,630.0
2026-04-11T06:01:04-04:00,2026-04-11,640.0,630.8225
2026-04-11T06:41:14-04:00,2026-04-11,639.55,633.2225000000001
2026-04-11T07:06:25-04:00,2026-04-11,639.275,635.275
2026-04-11T07:39:59-04:00,2026-04-11,639.6745000000001,636.2615
2026-04-11T07:59:22-04:00,2026-04-11,639.5450000000001,637.0
2026-04-11T09:01:05-04:00,2026-04-11,635.884,634.251
2026-04-11T09:57:58-04:00,2026-04-11,639.0,636.105
2026-04-11T10:34:43-04:00,2026-04-11,638.425,636.575
2026-04-11T11:05:59-04:00,2026-04-11,638.295,636.9304999999999
2026-04-11T11:45:19-04:00,2026-04-11,637.884,635.5
2026-04-11T12:04:28-04:00,2026-04-11,637.0385,635.0550000000001
2026-04-11T12:51:34-04:00,2026-04-11,636.14,635.0
2026-04-11T13:20:00-04:00,2026-04-11,636.0,636.0
2026-04-11T13:52:30-04:00,2026-04-11,636.9995,636.0284999999999
2026-04-11T14:23:18-04:00,2026-04-11,636.9945,635.645
2026-04-11T15:07:48-04:00,2026-04-11,637.0,635.2974999999999
2026-04-11T15:46:43-04:00,2026-04-11,636.8,635.0029999999999
2026-04-11T16:02:41-04:00,2026-04-11,636.4995,635.0
2026-04-11T16:46:21-04:00,2026-04-11,635.9995,633.605
2026-04-11T17:16:34-04:00,2026-04-11,635.1990000000001,632.53
2026-04-11T17:49:29-04:00,2026-04-11,633.9,631.376
2026-04-11T18:14:29-04:00,2026-04-11,633.9,631.501
2026-04-11T18:52:23-04:00,2026-04-11,633.0,630.5
2026-04-11T19:20:03-04:00,2026-04-11,632.674,630.5385
2026-04-11T19:53:38-04:00,2026-04-11,632.075,630.095
2026-04-11T21:10:34-04:00,2026-04-11,632.3745,629.725
2026-04-12T00:18:55-04:00,2026-04-12,634.0,626.5055
2026-04-12T02:04:06-04:00,2026-04-12,634.4,625.35
2026-04-12T03:38:45-04:00,2026-04-12,634.9005,622.3050000000001
2026-04-12T04:27:35-04:00,2026-04-12,635.0,621.0
2026-04-12T05:10:53-04:00,2026-04-12,635.05,621.0005
2026-04-12T05:58:44-04:00,2026-04-12,635.2950000000001,622.14
2026-04-12T06:38:08-04:00,2026-04-12,634.6995,624.0
2026-04-12T07:19:08-04:00,2026-04-12,633.0,625.11
2026-04-12T07:50:18-04:00,2026-04-12,632.0,626.01
2026-04-12T08:28:37-04:00,2026-04-12,627.999,622.0
2026-04-12T09:38:49-04:00,2026-04-12,628.9945,623.6775
2026-04-12T10:22:03-04:00,2026-04-12,628.7385,626.4
2026-04-12T11:00:53-04:00,2026-04-12,631.6,630.2155
2026-04-12T11:40:36-04:00,2026-04-12,634.0,631.5
2026-04-12T12:05:31-04:00,2026-04-12,634.6955,631.8755
2026-04-12T12:53:33-04:00,2026-04-12,633.0899999999999,631.2
2026-04-12T13:23:48-04:00,2026-04-12,632.538,630.775
2026-04-12T13:56:23-04:00,2026-04-12,632.5,630.0
2026-04-12T14:37:03-04:00,2026-04-12,631.7,631.185
2026-04-12T15:25:48-04:00,2026-04-12,632.293,631.0
2026-04-12T15:56:47-04:00,2026-04-12,632.9965,631.3005
2026-04-12T16:28:48-04:00,2026-04-12,632.51,631.0545
2026-04-12T17:01:49-04:00,2026-04-12,632.0,630.1500000000001
2026-04-12T17:43:21-04:00,2026-04-12,632.0,630.0
2026-04-12T18:03:54-04:00,2026-04-12,631.835,630.0
2026-04-12T18:48:39-04:00,2026-04-12,631.7,628.0
2026-04-12T19:20:09-04:00,2026-04-12,630.7985,627.1424999999999
2026-04-12T19:54:30-04:00,2026-04-12,629.999,625.8
2026-04-12T21:17:21-04:00,2026-04-12,629.49,625.3
2026-04-13T00:31:17-04:00,2026-04-13,630.4995,623.1505
2026-04-13T02:32:04-04:00,2026-04-13,632.0,620.405
2026-04-13T04:31:15-04:00,2026-04-13,632.075,620.0
2026-04-13T06:16:09-04:00,2026-04-13,630.4,621.115
2026-04-13T07:42:50-04:00,2026-04-13,628.0,624.0
2026-04-13T08:45:49-04:00,2026-04-13,629.99,627.2
2026-04-13T10:20:12-04:00,2026-04-13,624.4449999999999,623.1
2026-04-13T11:50:00-04:00,2026-04-13,628.5055,627.4504999999999
2026-04-13T12:48:34-04:00,2026-04-13,628.345,628.25
2026-04-13T13:44:43-04:00,2026-04-13,630.0,629.7755
2026-04-13T14:50:07-04:00,2026-04-13,631.2995,632.545
2026-04-13T15:56:17-04:00,2026-04-13,636.0,637.8305
2026-04-13T16:44:54-04:00,2026-04-13,639.75,638.1775
2026-04-13T17:33:47-04:00,2026-04-13,639.0,637.2795
2026-04-13T18:25:13-04:00,2026-04-13,638.4985,637.44
2026-04-13T19:07:28-04:00,2026-04-13,638.8485000000001,637.8
2026-04-13T19:55:36-04:00,2026-04-13,639.0,639.0
2026-04-13T21:44:49-04:00,2026-04-13,640.8734999999999,639.55
2026-04-14T00:33:08-04:00,2026-04-14,642.1145,636.0
2026-04-14T02:17:49-04:00,2026-04-14,643.0,633.1
2026-04-14T04:06:08-04:00,2026-04-14,643.599,631.9
2026-04-14T05:45:29-04:00,2026-04-14,642.5975000000001,633.8
2026-04-14T06:50:08-04:00,2026-04-14,641.9,637.155
2026-04-14T07:45:24-04:00,2026-04-14,640.995,638.0005
2026-04-14T08:47:10-04:00,2026-04-14,640.0,639.15
2026-04-14T10:26:21-04:00,2026-04-14,643.9895,645.0
2026-04-14T11:47:33-04:00,2026-04-14,640.0,640.1
2026-04-14T12:48:22-04:00,2026-04-14,644.935,644.1505
2026-04-14T13:53:05-04:00,2026-04-14,644.8945,642.0
2026-04-14T14:53:22-04:00,2026-04-14,644.0,643.0505
2026-04-14T15:56:58-04:00,2026-04-14,644.0,643.1500000000001
2026-04-14T16:46:56-04:00,2026-04-14,643.0,639.295
2026-04-14T17:37:16-04:00,2026-04-14,636.865,633.7
2026-04-14T18:26:23-04:00,2026-04-14,634.977,631.0
2026-04-14T19:08:54-04:00,2026-04-14,631.985,628.0
2026-04-14T19:56:10-04:00,2026-04-14,631.3,627.6505
2026-04-14T21:48:02-04:00,2026-04-14,631.5,627.5595000000001
2026-04-15T00:33:38-04:00,2026-04-15,633.0,624.6075000000001
2026-04-15T02:18:53-04:00,2026-04-15,633.994,622.5005
2026-04-15T04:07:55-04:00,2026-04-15,633.9985,621.146
2026-04-15T05:46:49-04:00,2026-04-15,633.8,623.0005
2026-04-15T06:46:54-04:00,2026-04-15,632.099,625.3164999999999
2026-04-15T07:41:29-04:00,2026-04-15,629.3534999999999,624.5105
2026-04-15T08:44:19-04:00,2026-04-15,627.74,625.0
2026-04-15T10:15:02-04:00,2026-04-15,628.8,625.6355
2026-04-15T11:38:42-04:00,2026-04-15,622.0,619.0
2026-04-15T12:39:32-04:00,2026-04-15,625.9395,623.0
2026-04-15T13:45:10-04:00,2026-04-15,626.0,626.7
2026-04-15T14:48:22-04:00,2026-04-15,628.4,626.225
2026-04-15T15:54:56-04:00,2026-04-15,629.0,627.775
2026-04-15T16:37:09-04:00,2026-04-15,629.5,627.8
2026-04-15T17:32:56-04:00,2026-04-15,627.9,625.75
2026-04-15T18:22:16-04:00,2026-04-15,627.0,624.5
2026-04-15T19:04:32-04:00,2026-04-15,625.9495,623.105
2026-04-15T19:54:41-04:00,2026-04-15,624.925,621.0
2026-04-15T21:22:07-04:00,2026-04-15,625.1,622.21
2026-04-16T00:26:19-04:00,2026-04-16,625.9995,619.5525
2026-04-16T02:17:33-04:00,2026-04-16,626.7,617.0
2026-04-16T04:05:45-04:00,2026-04-16,626.995,615.1505
2026-04-16T05:43:58-04:00,2026-04-16,626.0,617.37
2026-04-16T06:48:35-04:00,2026-04-16,625.5995,620.0
2026-04-16T07:44:21-04:00,2026-04-16,624.5,620.3499999999999
2026-04-16T08:49:20-04:00,2026-04-16,624.0,621.9
2026-04-16T10:27:56-04:00,2026-04-16,623.0,621.335
2026-04-16T12:03:30-04:00,2026-04-16,621.49,618.2
2026-04-16T13:25:12-04:00,2026-04-16,622.0,619.5
2026-04-16T14:40:44-04:00,2026-04-16,623.0,620.9105
2026-04-16T15:48:02-04:00,2026-04-16,624.0,622.604
2026-04-16T16:34:09-04:00,2026-04-16,625.3225,623.5
2026-04-16T17:24:18-04:00,2026-04-16,625.489,623.3
2026-04-16T18:02:59-04:00,2026-04-16,625.2,622.6
2026-04-16T18:54:40-04:00,2026-04-16,624.999,621.2055
2026-04-16T19:30:17-04:00,2026-04-16,624.9,621.71
2026-04-16T20:06:15-04:00,2026-04-16,624.99,621.8025
2026-04-16T23:39:04-04:00,2026-04-16,625.5,621.405
2026-04-17T01:51:06-04:00,2026-04-17,626.4,619.0
2026-04-17T03:13:49-04:00,2026-04-17,626.4024999999999,618.0505
2026-04-17T04:54:02-04:00,2026-04-17,626.595,618.2049999999999
2026-04-17T06:01:09-04:00,2026-04-17,625.9965,619.0105
2026-04-17T07:03:14-04:00,2026-04-17,625.0,620.45
2026-04-17T07:58:56-04:00,2026-04-17,624.25,621.006
2026-04-17T09:19:49-04:00,2026-04-17,622.5495000000001,620.1985
2026-04-17T10:37:45-04:00,2026-04-17,621.9105,620.075
2026-04-17T11:40:25-04:00,2026-04-17,621.494,619.516
2026-04-17T12:32:58-04:00,2026-04-17,620.999,618.0625
2026-04-17T13:26:54-04:00,2026-04-17,619.7,616.0105
2026-04-17T14:10:50-04:00,2026-04-17,618.7795,617.0
2026-04-17T15:19:48-04:00,2026-04-17,620.0,618.2
2026-04-17T16:05:00-04:00,2026-04-17,620.2945,618.0
2026-04-17T16:58:42-04:00,2026-04-17,621.0,617.735
2026-04-17T17:40:38-04:00,2026-04-17,620.7915,618.0
2026-04-17T18:21:36-04:00,2026-04-17,620.925,617.555
2026-04-17T19:04:42-04:00,2026-04-17,620.8,618.1800000000001
2026-04-17T19:51:46-04:00,2026-04-17,621.0,618.5055
2026-04-17T21:04:28-04:00,2026-04-17,621.999,619.0
2026-04-17T23:52:45-04:00,2026-04-17,622.945,617.1655000000001
2026-04-18T01:27:06-04:00,2026-04-18,623.0,616.1125
2026-04-18T02:44:27-04:00,2026-04-18,623.825,615.135
2026-04-18T03:46:01-04:00,2026-04-18,624.0,615.0
2026-04-18T04:29:25-04:00,2026-04-18,624.0,615.0
2026-04-18T05:12:20-04:00,2026-04-18,623.825,614.9549999999999
2026-04-18T06:01:16-04:00,2026-04-18,623.0,615.0005
2026-04-18T06:49:19-04:00,2026-04-18,623.0,616.4005
2026-04-18T07:23:41-04:00,2026-04-18,622.495,617.63
2026-04-18T07:53:43-04:00,2026-04-18,622.0,618.3005
2026-04-18T08:30:09-04:00,2026-04-18,620.6995,617.251
2026-04-18T09:41:28-04:00,2026-04-18,620.0,618.84
2026-04-18T10:23:59-04:00,2026-04-18,620.4,619.0
2026-04-18T11:02:45-04:00,2026-04-18,621.095,619.7829999999999
2026-04-18T11:48:42-04:00,2026-04-18,621.5,619.816
2026-04-18T12:22:20-04:00,2026-04-18,622.0,620.1505
2026-04-18T13:00:41-04:00,2026-04-18,622.0,621.075
2026-04-18T13:40:16-04:00,2026-04-18,622.0,620.625
2026-04-18T14:07:16-04:00,2026-04-18,623.0,620.97
2026-04-18T15:06:10-04:00,2026-04-18,623.0,621.0005
2026-04-18T15:49:07-04:00,2026-04-18,623.4,621.3225
2026-04-18T16:19:14-04:00,2026-04-18,623.5,621.594
2026-04-18T16:56:18-04:00,2026-04-18,623.5,621.79
2026-04-18T17:27:09-04:00,2026-04-18,623.5,620.6
2026-04-18T17:56:48-04:00,2026-04-18,623.4995,620.8285000000001
2026-04-18T18:28:07-04:00,2026-04-18,623.4,620.21
2026-04-18T19:03:03-04:00,2026-04-18,622.9945,619.7945
2026-04-18T19:46:53-04:00,2026-04-18,622.4455,619.905
2026-04-18T21:10:42-04:00,2026-04-18,622.985,619.8115
2026-04-19T00:22:07-04:00,2026-04-19,623.8,618.338
2026-04-19T02:11:02-04:00,2026-04-19,623.999,616.819
2026-04-19T03:44:45-04:00,2026-04-19,624.0,616.5
2026-04-19T04:35:58-04:00,2026-04-19,624.0,616.0
2026-04-19T05:26:49-04:00,2026-04-19,624.0,616.5
2026-04-19T06:06:20-04:00,2026-04-19,623.9735000000001,616.635
2026-04-19T06:55:14-04:00,2026-04-19,623.9,617.1255
2026-04-19T07:27:25-04:00,2026-04-19,623.5,618.6
2026-04-19T07:57:09-04:00,2026-04-19,623.36,619.04
2026-04-19T08:52:06-04:00,2026-04-19,622.2375,618.3005
2026-04-19T09:49:58-04:00,2026-04-19,622.0,618.8675000000001
2026-04-19T10:29:17-04:00,2026-04-19,623.0,620.4
2026-04-19T11:06:21-04:00,2026-04-19,623.3995,621.3299999999999
2026-04-19T11:50:43-04:00,2026-04-19,623.9695,621.808
2026-04-19T12:23:17-04:00,2026-04-19,624.0,621.6
2026-04-19T13:01:06-04:00,2026-04-19,623.9385,621.3305
2026-04-19T13:40:54-04:00,2026-04-19,623.59,620.95
2026-04-19T14:07:16-04:00,2026-04-19,623.697,621.0
2026-04-19T15:06:25-04:00,2026-04-19,623.325,620.6755
2026-04-19T15:49:29-04:00,2026-04-19,623.2985,620.4775
2026-04-19T16:19:41-04:00,2026-04-19,623.0385,620.3205
2026-04-19T16:56:57-04:00,2026-04-19,623.0,620.0
2026-04-19T17:30:01-04:00,2026-04-19,622.8,619.505
2026-04-19T18:00:21-04:00,2026-04-19,622.699,619.03
2026-04-19T18:40:11-04:00,2026-04-19,622.4,618.808
2026-04-19T19:19:17-04:00,2026-04-19,622.2,619.0
2026-04-19T19:55:06-04:00,2026-04-19,622.0,619.1785
2026-04-19T21:27:38-04:00,2026-04-19,622.4,619.3344999999999
2026-04-20T00:39:12-04:00,2026-04-20,622.9985,616.5025
2026-04-20T02:35:41-04:00,2026-04-20,623.0,616.0
2026-04-20T04:37:26-04:00,2026-04-20,623.5,615.2505
2026-04-20T06:21:04-04:00,2026-04-20,622.9065,616.705
2026-04-20T07:46:48-04:00,2026-04-20,622.0,618.2
2026-04-20T08:53:04-04:00,2026-04-20,620.0,617.653
2026-04-20T10:26:11-04:00,2026-04-20,620.0,618.525
2026-04-20T11:51:11-04:00,2026-04-20,620.0,619.5
2026-04-20T12:48:50-04:00,2026-04-20,623.0,623.9995
2026-04-20T13:44:22-04:00,2026-04-20,630.3995,627.0
2026-04-20T14:42:46-04:00,2026-04-20,631.4,631.5799999999999
2026-04-20T15:44:18-04:00,2026-04-20,633.8595,631.6
2026-04-20T16:27:33-04:00,2026-04-20,634.0,633.0545
2026-04-20T17:08:56-04:00,2026-04-20,634.585,632.0
2026-04-20T17:59:48-04:00,2026-04-20,633.99,632.6305
2026-04-20T18:45:59-04:00,2026-04-20,634.0,633.3665000000001
2026-04-20T19:28:32-04:00,2026-04-20,634.4449999999999,632.45
2026-04-20T20:05:25-04:00,2026-04-20,634.5,632.13
2026-04-20T23:39:29-04:00,2026-04-20,634.0,629.4065
2026-04-21T01:51:06-04:00,2026-04-21,634.41,626.4005
2026-04-21T03:16:27-04:00,2026-04-21,634.6500000000001,625.755
2026-04-21T05:03:41-04:00,2026-04-21,634.6,625.655
2026-04-21T06:25:33-04:00,2026-04-21,633.9965,628.405
2026-04-21T07:36:00-04:00,2026-04-21,633.0,630.2275
2026-04-21T08:44:18-04:00,2026-04-21,629.0,627.6755
2026-04-21T10:20:49-04:00,2026-04-21,625.1985,623.7295
2026-04-21T11:46:38-04:00,2026-04-21,629.0,628.0625
2026-04-21T12:41:40-04:00,2026-04-21,629.1175000000001,628.0
2026-04-21T13:40:28-04:00,2026-04-21,630.49,629.55
2026-04-21T14:43:33-04:00,2026-04-21,630.0,628.0
2026-04-21T15:50:04-04:00,2026-04-21,630.0,628.65
2026-04-21T16:35:59-04:00,2026-04-21,630.0,628.46
2026-04-21T17:25:51-04:00,2026-04-21,630.0,628.0
2026-04-21T18:04:49-04:00,2026-04-21,629.8,627.0
2026-04-21T18:53:21-04:00,2026-04-21,628.415,625.8054999999999
2026-04-21T19:24:28-04:00,2026-04-21,628.0,626.3520000000001
2026-04-21T19:56:13-04:00,2026-04-21,628.0,626.0
2026-04-21T21:52:01-04:00,2026-04-21,628.0450000000001,625.0
2026-04-22T00:34:15-04:00,2026-04-22,628.0,622.185
2026-04-22T02:21:06-04:00,2026-04-22,628.9200000000001,620.95
2026-04-22T04:11:16-04:00,2026-04-22,629.0,620.0505
2026-04-22T05:50:24-04:00,2026-04-22,628.55,621.38
2026-04-22T06:53:06-04:00,2026-04-22,627.394,622.5025
2026-04-22T07:47:19-04:00,2026-04-22,626.4475,622.8499999999999
2026-04-22T08:47:05-04:00,2026-04-22,624.0,622.1
2026-04-22T10:23:23-04:00,2026-04-22,628.5,626.1505
2026-04-22T11:46:05-04:00,2026-04-22,625.0,623.265
2026-04-22T12:43:49-04:00,2026-04-22,626.9,624.425
2026-04-22T13:42:06-04:00,2026-04-22,627.4449999999999,626.5
2026-04-22T14:44:51-04:00,2026-04-22,628.55,628.0550000000001
2026-04-22T15:51:16-04:00,2026-04-22,630.0,630.03
2026-04-22T16:39:36-04:00,2026-04-22,632.0,629.531
2026-04-22T17:33:54-04:00,2026-04-22,631.3,629.645
2026-04-22T18:25:14-04:00,2026-04-22,631.08,629.2
2026-04-22T19:10:05-04:00,2026-04-22,630.8,628.501
2026-04-22T19:58:29-04:00,2026-04-22,630.195,627.8
2026-04-22T22:32:23-04:00,2026-04-22,630.0995,628.0
2026-04-23T01:16:08-04:00,2026-04-23,630.87,625.3054999999999
2026-04-23T03:10:50-04:00,2026-04-23,631.0,624.0
2026-04-23T05:01:45-04:00,2026-04-23,631.525,623.31
2026-04-23T06:25:48-04:00,2026-04-23,630.2004999999999,625.3905
2026-04-23T07:36:28-04:00,2026-04-23,629.9635000000001,626.725
2026-04-23T08:43:06-04:00,2026-04-23,627.15,626.1804999999999
2026-04-23T10:23:41-04:00,2026-04-23,629.0,627.48
2026-04-23T12:13:51-04:00,2026-04-23,628.3945,626.3575000000001
2026-04-23T13:45:41-04:00,2026-04-23,628.5545,627.03
2026-04-23T14:45:57-04:00,2026-04-23,629.0,628.9005
2026-04-23T15:55:49-04:00,2026-04-23,631.0005,630.943
2026-04-23T16:43:54-04:00,2026-04-23,631.095,630.0
2026-04-23T17:30:31-04:00,2026-04-23,631.7995,630.04
2026-04-23T18:09:37-04:00,2026-04-23,631.9,630.0
2026-04-23T19:03:40-04:00,2026-04-23,631.29,630.0
2026-04-23T19:56:04-04:00,2026-04-23,631.4,629.1700000000001
2026-04-23T21:53:53-04:00,2026-04-23,631.9,628.7625
2026-04-24T00:43:01-04:00,2026-04-24,631.794,626.0
2026-04-24T02:28:57-04:00,2026-04-24,631.9,624.55
2026-04-24T04:30:42-04:00,2026-04-24,631.91,624.0
2026-04-24T06:07:00-04:00,2026-04-24,631.49,625.3499999999999
2026-04-24T07:19:27-04:00,2026-04-24,630.1,627.0
2026-04-24T08:08:43-04:00,2026-04-24,629.9,626.6
2026-04-24T10:03:25-04:00,2026-04-24,630.5,628.5
2026-04-24T11:16:48-04:00,2026-04-24,628.825,626.9024999999999
2026-04-24T12:13:15-04:00,2026-04-24,629.0,628.1949999999999
2026-04-24T13:12:48-04:00,2026-04-24,629.8995,627.7005
2026-04-24T13:58:54-04:00,2026-04-24,629.0,626.9195
2026-04-24T14:52:26-04:00,2026-04-24,628.5,627.838
2026-04-24T15:40:49-04:00,2026-04-24,629.98,629.025
2026-04-24T16:28:18-04:00,2026-04-24,630.3,629.0055
2026-04-24T17:12:36-04:00,2026-04-24,630.7905000000001,628.8815
2026-04-24T18:01:56-04:00,2026-04-24,630.489,628.1179999999999
2026-04-24T18:50:19-04:00,2026-04-24,630.2745,628.2650000000001
2026-04-24T19:27:05-04:00,2026-04-24,630.0,628.0005
2026-04-24T20:02:12-04:00,2026-04-24,630.0,628.2
2026-04-24T23:25:14-04:00,2026-04-24,630.774,627.525
2026-04-25T01:25:13-04:00,2026-04-25,630.9995,625.575
2026-04-25T02:48:43-04:00,2026-04-25,631.0,624.175
2026-04-25T03:55:47-04:00,2026-04-25,631.0,624.0
2026-04-25T04:42:12-04:00,2026-04-25,631.0,624.0
2026-04-25T05:36:19-04:00,2026-04-25,631.025,624.101
2026-04-25T06:25:48-04:00,2026-04-25,631.0,625.652
2026-04-25T07:08:58-04:00,2026-04-25,630.5,626.5
2026-04-25T07:51:00-04:00,2026-04-25,630.0,627.0005
2026-04-25T08:31:06-04:00,2026-04-25,630.0,628.2
2026-04-25T09:45:19-04:00,2026-04-25,631.0,629.2155
2026-04-25T10:29:13-04:00,2026-04-25,630.884,629.54
2026-04-25T11:08:37-04:00,2026-04-25,630.9995,629.865
2026-04-25T11:53:55-04:00,2026-04-25,631.3995,630.2
2026-04-25T12:26:18-04:00,2026-04-25,631.9,630.5029999999999
2026-04-25T13:06:12-04:00,2026-04-25,632.0,630.7705
2026-04-25T13:53:11-04:00,2026-04-25,632.0,630.5005
2026-04-25T14:30:38-04:00,2026-04-25,632.0,630.306
2026-04-25T15:27:10-04:00,2026-04-25,632.0,629.98
2026-04-25T16:00:03-04:00,2026-04-25,631.99,630.0505
2026-04-25T16:42:24-04:00,2026-04-25,631.7975,630.205
2026-04-25T17:20:24-04:00,2026-04-25,631.72,630.05
2026-04-25T17:54:33-04:00,2026-04-25,631.9,630.35
2026-04-25T18:23:41-04:00,2026-04-25,631.905,630.0
2026-04-25T19:00:33-04:00,2026-04-25,631.5,629.815
2026-04-25T19:42:42-04:00,2026-04-25,631.6234999999999,629.6125
2026-04-25T21:13:21-04:00,2026-04-25,631.5,629.2
2026-04-26T00:31:13-04:00,2026-04-26,632.2225000000001,627.3785
2026-04-26T02:25:16-04:00,2026-04-26,632.6585,626.9
2026-04-26T03:57:35-04:00,2026-04-26,632.8634999999999,626.0
2026-04-26T04:56:21-04:00,2026-04-26,632.9970000000001,625.3
2026-04-26T05:46:32-04:00,2026-04-26,632.935,626.1025
2026-04-26T06:31:21-04:00,2026-04-26,632.8499999999999,626.765
2026-04-26T07:22:14-04:00,2026-04-26,632.6045,627.9355
2026-04-26T07:59:31-04:00,2026-04-26,632.525,628.515
2026-04-26T09:10:18-04:00,2026-04-26,632.9995,630.0305
2026-04-26T10:09:16-04:00,2026-04-26,632.8495,630.1
2026-04-26T10:59:25-04:00,2026-04-26,632.5,630.315
2026-04-26T11:42:50-04:00,2026-04-26,632.4,630.4155
2026-04-26T12:23:59-04:00,2026-04-26,632.469,630.5
2026-04-26T13:05:57-04:00,2026-04-26,632.1,630.365
2026-04-26T13:53:19-04:00,2026-04-26,632.0,630.5
2026-04-26T14:31:22-04:00,2026-04-26,632.0764999999999,630.74
2026-04-26T15:29:32-04:00,2026-04-26,632.0,630.5
2026-04-26T16:02:41-04:00,2026-04-26,632.0,630.5
2026-04-26T16:51:51-04:00,2026-04-26,632.0,630.095
2026-04-26T17:24:12-04:00,2026-04-26,631.9,630.1105
2026-04-26T17:57:22-04:00,2026-04-26,632.0,630.0005
2026-04-26T18:34:00-04:00,2026-04-26,631.999,629.5
2026-04-26T19:10:01-04:00,2026-04-26,631.998,629.475
2026-04-26T19:54:22-04:00,2026-04-26,631.855,628.65
2026-04-26T21:22:13-04:00,2026-04-26,631.4,628.0005
2026-04-27T00:43:56-04:00,2026-04-27,632.0,626.95
2026-04-27T03:21:33-04:00,2026-04-27,632.5,625.0
2026-04-27T05:33:03-04:00,2026-04-27,632.444,625.0
2026-04-27T07:23:44-04:00,2026-04-27,631.35,627.055
2026-04-27T08:56:26-04:00,2026-04-27,630.0,628.893
2026-04-27T11:00:53-04:00,2026-04-27,634.3009999999999,633.0505
2026-04-27T12:45:01-04:00,2026-04-27,635.0,634.4005
2026-04-27T13:54:04-04:00,2026-04-27,642.9,641.775
2026-04-27T15:00:15-04:00,2026-04-27,643.3745,643.0799999999999
2026-04-27T16:09:50-04:00,2026-04-27,645.0,644.0
2026-04-27T17:15:21-04:00,2026-04-27,646.0,644.6825
2026-04-27T18:07:42-04:00,2026-04-27,646.3735,644.8254999999999
2026-04-27T19:06:06-04:00,2026-04-27,645.8995,644.225
2026-04-27T20:01:47-04:00,2026-04-27,645.5,644.342
2026-04-27T23:53:27-04:00,2026-04-27,648.639,643.6
2026-04-28T02:22:39-04:00,2026-04-28,649.0,641.525
2026-04-28T04:41:19-04:00,2026-04-28,649.05,641.565
2026-04-28T06:34:53-04:00,2026-04-28,648.4,644.3455
2026-04-28T08:13:28-04:00,2026-04-28,646.494,643.55
2026-04-28T10:41:15-04:00,2026-04-28,648.9925000000001,645.0105
2026-04-28T12:27:00-04:00,2026-04-28,645.0,641.8125
2026-04-28T13:59:43-04:00,2026-04-28,643.7895,641.7625
2026-04-28T15:43:54-04:00,2026-04-28,644.885,643.2025000000001
2026-04-28T16:50:35-04:00,2026-04-28,646.0,644.381
2026-04-28T17:45:44-04:00,2026-04-28,646.7,644.5
2026-04-28T18:39:40-04:00,2026-04-28,646.798,644.8910000000001
2026-04-28T19:33:54-04:00,2026-04-28,646.5,644.11
2026-04-28T21:18:16-04:00,2026-04-28,646.999,644.2
2026-04-29T00:41:15-04:00,2026-04-29,646.99,641.8005
2026-04-29T03:08:25-04:00,2026-04-29,647.9300000000001,640.0
2026-04-29T05:22:05-04:00,2026-04-29,647.7995,640.1500000000001
2026-04-29T07:10:41-04:00,2026-04-29,646.525,642.55
2026-04-29T08:52:16-04:00,2026-04-29,645.575,644.0
2026-04-29T10:59:39-04:00,2026-04-29,644.999,643.2
2026-04-29T12:28:41-04:00,2026-04-29,645.7,644.0
2026-04-29T13:56:51-04:00,2026-04-29,645.7,645.0005
2026-04-29T15:15:19-04:00,2026-04-29,646.06,644.435
2026-04-29T16:35:15-04:00,2026-04-29,645.749,643.001
2026-04-29T17:41:35-04:00,2026-04-29,639.0,635.5
2026-04-29T18:38:08-04:00,2026-04-29,639.885,636.0015
2026-04-29T19:32:29-04:00,2026-04-29,635.295,631.0029999999999
2026-04-29T21:17:55-04:00,2026-04-29,634.0,630.9
2026-04-30T00:44:29-04:00,2026-04-30,634.9495,628.0
2026-04-30T03:14:36-04:00,2026-04-30,635.4,626.905
2026-04-30T05:25:47-04:00,2026-04-30,635.96,626.5
2026-04-30T07:12:17-04:00,2026-04-30,634.0,628.2
2026-04-30T08:52:44-04:00,2026-04-30,637.675,634.0
2026-04-30T10:54:29-04:00,2026-04-30,634.4695,631.8064999999999
2026-04-30T12:10:40-04:00,2026-04-30,632.465,630.111
2026-04-30T13:42:52-04:00,2026-04-30,631.9,629.426
2026-04-30T14:56:58-04:00,2026-04-30,631.599,628.3165
2026-04-30T16:06:51-04:00,2026-04-30,631.7,629.24
2026-04-30T17:13:14-04:00,2026-04-30,632.87,629.0360000000001
2026-04-30T18:08:40-04:00,2026-04-30,632.8,629.0005
2026-04-30T19:06:52-04:00,2026-04-30,632.326,629.1990000000001
2026-04-30T20:01:13-04:00,2026-04-30,632.1,629.0005
2026-04-30T23:56:04-04:00,2026-04-30,633.5445,628.0
2026-05-01T02:31:56-04:00,2026-05-01,634.2950000000001,625.75
2026-05-01T04:29:53-04:00,2026-05-01,634.5995,625.505
2026-05-01T06:05:47-04:00,2026-05-01,634.5495000000001,626.28
2026-05-01T07:18:29-04:00,2026-05-01,633.9,628.53
2026-05-01T08:08:20-04:00,2026-05-01,633.9200000000001,629.375
2026-05-01T09:50:55-04:00,2026-05-01,635.3995,632.094
2026-05-01T10:42:02-04:00,2026-05-01,635.0,632.2825
2026-05-01T11:38:23-04:00,2026-05-01,634.1,631.5
2026-05-01T12:35:11-04:00,2026-05-01,633.62,630.995
2026-05-01T13:35:27-04:00,2026-05-01,632.999,630.41
2026-05-01T14:42:31-04:00,2026-05-01,633.0,631.2055
2026-05-01T15:50:34-04:00,2026-05-01,633.9985,632.13
2026-05-01T16:37:46-04:00,2026-05-01,634.525,632.201
2026-05-01T17:31:23-04:00,2026-05-01,634.5,631.95
2026-05-01T18:25:57-04:00,2026-05-01,634.1995,631.0
2026-05-01T19:12:33-04:00,2026-05-01,633.39,630.3505
2026-05-01T20:04:53-04:00,2026-05-01,633.3,630.005
2026-05-01T23:43:52-04:00,2026-05-01,634.285,629.2055
2026-05-02T01:55:12-04:00,2026-05-02,634.999,628.0
2026-05-02T03:18:31-04:00,2026-05-02,635.0,627.0
2026-05-02T04:45:16-04:00,2026-05-02,635.0,626.325
2026-05-02T05:46:29-04:00,2026-05-02,635.0,626.625
2026-05-02T06:36:00-04:00,2026-05-02,634.9,628.3005
2026-05-02T07:27:04-04:00,2026-05-02,634.783,629.615
2026-05-02T08:05:32-04:00,2026-05-02,634.2395,630.0799999999999
2026-05-02T09:42:31-04:00,2026-05-02,633.9445000000001,630.695
2026-05-02T10:32:49-04:00,2026-05-02,633.6995,630.6505
2026-05-02T11:24:58-04:00,2026-05-02,633.2995,631.6
2026-05-02T12:05:02-04:00,2026-05-02,633.2,631.925
2026-05-02T13:01:39-04:00,2026-05-02,633.925,631.7295
